[{
  "word": "питон",
  "subwords": [
    "ион", "нот", "они", "опт", "пот", "тип", "тон", "топ", "пино", "пион", "пони", "понт", "поти"
  ]},
  {
    "word": "набор",
    "subwords": [
      "бан", "бар", "боа", "бон", "бор", "бра", "оба", "она", "раб", "арон", "барн", "бона", "бора", "борн", "брно",
      "нора", "рано", "роба", "рона", "барон", "боран"
    ]},
  {
    "word": "строка",
    "subwords": [
      "акр", "акт", "кар", "кот", "кто", "ока", "оса", "рак", "рок", "рос", "рот", "рта", "сок", "сор", "ста", "сто",
      "так", "ток", "тор", "карт", "кора", "корт", "коса", "крат", "крот", "окат", "орск", "роса", "рост", "рота",
      "скат", "скот", "сорт", "сота", "срок", "сток", "таро", "тора", "торс", "трак", "трас", "трос", "артос", "карст",
      "коста", "кроат", "окрас", "оскар", "сотка", "тоска", "кастор", "костра", "сократ", "торакс"
    ]},
  {
    "word": "функция",
    "subwords": [
      "кун", "ник", "ниц", "фин", "яиц", "яки", "икну", "нику", "уния", "цинк", "янки", "унция", "функия"
    ]},
  {
    "word": "программа",
    "subwords": [
      "ага", "ара", "гам", "маг", "мог", "мом", "мор", "опа", "пар", "рог", "ром", "агар", "арап", "арго", "гора",
      "гром", "мама", "мара", "морг", "омар", "пара", "пора", "рама", "рапа", "рога", "гамма", "грамм", "магма",
      "марго", "опара", "пагра", "парма", "паром", "прага", "рампа", "мрамор", "прогар"
    ]
  }]
